[
  {
    "okta_url": "https://mihalache-oie.oktapreview.com",
    "api_key": "00arMI1mnirHv0qdsG_tdnzOoJckZM-B8xfaHrMwI5"
  },
  {
    "okta_url": "https://shaitan-api.okta.com",
    "api_key": "00S5w8NSoME-Wpktnyy0aLceZ47FEmh6vz5MGS5RdH"
  },
  {
    "okta_url": "https://dev-06634571.okta.com",
    "api_key": "00HrhHl7pnfGpgmE76D5F_UGQBzqwX4q85WWOn90SN",
    "has_acsense": true
  },
  {
    "okta_url": "https://dev-99030876.okta.com",
    "api_key": "00tw6Ps0ILH47Azxt8jcv4z9KC_tDonOxOxh-zcfTP",
    "has_acsense": true
  },
  {
    "okta_url": "https://dev-98368153.okta.com",
    "api_key": "00FQqqJwD_1gxEJXNDHGbG8lYk0etp2uisbzDWAkcl"
  }
]