canonical,charset,favicon,footer_links,language,meta_description,product_description,title,twitter_profile,url,viewport
https://developer.okta.com/docs/reference/error-codes/,utf-8,/favicon/favicon.png,/,en-US,"Here you can find further information about the errors that the Okta API returns, sorted by error code and HTTP return code.","Products, case studies, resources",Okta error codes and descriptions,https://twitter.com/OktaDev,https://developer.okta.com/docs/reference/error-codes/#E0000006,"width=device-width,initial-scale=1"
https://developer.okta.com/docs/reference/error-codes/,utf-8,/favicon/favicon.png,/,en-US,"Here you can find further information about the errors that the Okta API returns, sorted by error code and HTTP return code.","Products, case studies, resources",Okta error codes and descriptions,https://twitter.com/OktaDev,https://developer.okta.com/docs/reference/error-codes/#E0000007,"width=device-width,initial-scale=1"
https://developer.okta.com/docs/reference/error-codes/,utf-8,/favicon/favicon.png,/,en-US,"Here you can find further information about the errors that the Okta API returns, sorted by error code and HTTP return code.","Products, case studies, resources",Okta error codes and descriptions,https://twitter.com/OktaDev,https://developer.okta.com/docs/reference/error-codes/#E0000008,"width=device-width,initial-scale=1"
https://developer.okta.com/docs/reference/error-codes/,utf-8,/favicon/favicon.png,/,en-US,"Here you can find further information about the errors that the Okta API returns, sorted by error code and HTTP return code.","Products, case studies, resources",Okta error codes and descriptions,https://twitter.com/OktaDev,https://developer.okta.com/docs/reference/error-codes/#E0000009,"width=device-width,initial-scale=1"
https://developer.okta.com/docs/reference/error-codes/,utf-8,/favicon/favicon.png,/,en-US,"Here you can find further information about the errors that the Okta API returns, sorted by error code and HTTP return code.","Products, case studies, resources",Okta error codes and descriptions,https://twitter.com/OktaDev,https://developer.okta.com/docs/reference/error-codes/#E0000010,"width=device-width,initial-scale=1"
https://developer.okta.com/docs/reference/error-codes/,utf-8,/favicon/favicon.png,/,en-US,"Here you can find further information about the errors that the Okta API returns, sorted by error code and HTTP return code.","Products, case studies, resources",Okta error codes and descriptions,https://twitter.com/OktaDev,https://developer.okta.com/docs/reference/error-codes/#E0000011,"width=device-width,initial-scale=1"
https://developer.okta.com/docs/reference/error-codes/,utf-8,/favicon/favicon.png,/,en-US,"Here you can find further information about the errors that the Okta API returns, sorted by error code and HTTP return code.","Products, case studies, resources",Okta error codes and descriptions,https://twitter.com/OktaDev,https://developer.okta.com/docs/reference/error-codes/#E0000012,"width=device-width,initial-scale=1"
https://developer.okta.com/docs/reference/error-codes/,utf-8,/favicon/favicon.png,/,en-US,"Here you can find further information about the errors that the Okta API returns, sorted by error code and HTTP return code.","Products, case studies, resources",Okta error codes and descriptions,https://twitter.com/OktaDev,https://developer.okta.com/docs/reference/error-codes/#E0000013,"width=device-width,initial-scale=1"
https://developer.okta.com/docs/reference/error-codes/,utf-8,/favicon/favicon.png,/,en-US,"Here you can find further information about the errors that the Okta API returns, sorted by error code and HTTP return code.","Products, case studies, resources",Okta error codes and descriptions,https://twitter.com/OktaDev,https://developer.okta.com/docs/reference/error-codes/#E0000014,"width=device-width,initial-scale=1"
https://developer.okta.com/docs/reference/error-codes/,utf-8,/favicon/favicon.png,/,en-US,"Here you can find further information about the errors that the Okta API returns, sorted by error code and HTTP return code.","Products, case studies, resources",Okta error codes and descriptions,https://twitter.com/OktaDev,https://developer.okta.com/docs/reference/error-codes/#E0000015,"width=device-width,initial-scale=1"
https://developer.okta.com/docs/reference/error-codes/,utf-8,/favicon/favicon.png,/,en-US,"Here you can find further information about the errors that the Okta API returns, sorted by error code and HTTP return code.","Products, case studies, resources",Okta error codes and descriptions,https://twitter.com/OktaDev,https://developer.okta.com/docs/reference/error-codes/#E0000016,"width=device-width,initial-scale=1"
https://developer.okta.com/docs/reference/error-codes/,utf-8,/favicon/favicon.png,/,en-US,"Here you can find further information about the errors that the Okta API returns, sorted by error code and HTTP return code.","Products, case studies, resources",Okta error codes and descriptions,https://twitter.com/OktaDev,https://developer.okta.com/docs/reference/error-codes/#E0000017,"width=device-width,initial-scale=1"
https://developer.okta.com/docs/reference/error-codes/,utf-8,/favicon/favicon.png,/,en-US,"Here you can find further information about the errors that the Okta API returns, sorted by error code and HTTP return code.","Products, case studies, resources",Okta error codes and descriptions,https://twitter.com/OktaDev,https://developer.okta.com/docs/reference/error-codes/#E0000018,"width=device-width,initial-scale=1"
https://developer.okta.com/docs/reference/error-codes/,utf-8,/favicon/favicon.png,/,en-US,"Here you can find further information about the errors that the Okta API returns, sorted by error code and HTTP return code.","Products, case studies, resources",Okta error codes and descriptions,https://twitter.com/OktaDev,https://developer.okta.com/docs/reference/error-codes/#E0000019,"width=device-width,initial-scale=1"
https://developer.okta.com/docs/reference/error-codes/,utf-8,/favicon/favicon.png,/,en-US,"Here you can find further information about the errors that the Okta API returns, sorted by error code and HTTP return code.","Products, case studies, resources",Okta error codes and descriptions,https://twitter.com/OktaDev,https://developer.okta.com/docs/reference/error-codes/#E0000020,"width=device-width,initial-scale=1"
https://developer.okta.com/docs/reference/error-codes/,utf-8,/favicon/favicon.png,/,en-US,"Here you can find further information about the errors that the Okta API returns, sorted by error code and HTTP return code.","Products, case studies, resources",Okta error codes and descriptions,https://twitter.com/OktaDev,https://developer.okta.com/docs/reference/error-codes/#E0000021,"width=device-width,initial-scale=1"
https://developer.okta.com/docs/reference/error-codes/,utf-8,/favicon/favicon.png,/,en-US,"Here you can find further information about the errors that the Okta API returns, sorted by error code and HTTP return code.","Products, case studies, resources",Okta error codes and descriptions,https://twitter.com/OktaDev,https://developer.okta.com/docs/reference/error-codes/#E0000022,"width=device-width,initial-scale=1"
https://developer.okta.com/docs/reference/error-codes/,utf-8,/favicon/favicon.png,/,en-US,"Here you can find further information about the errors that the Okta API returns, sorted by error code and HTTP return code.","Products, case studies, resources",Okta error codes and descriptions,https://twitter.com/OktaDev,https://developer.okta.com/docs/reference/error-codes/#E0000023,"width=device-width,initial-scale=1"
https://developer.okta.com/docs/reference/error-codes/,utf-8,/favicon/favicon.png,/,en-US,"Here you can find further information about the errors that the Okta API returns, sorted by error code and HTTP return code.","Products, case studies, resources",Okta error codes and descriptions,https://twitter.com/OktaDev,https://developer.okta.com/docs/reference/error-codes/#E0000024,"width=device-width,initial-scale=1"
https://developer.okta.com/docs/reference/error-codes/,utf-8,/favicon/favicon.png,/,en-US,"Here you can find further information about the errors that the Okta API returns, sorted by error code and HTTP return code.","Products, case studies, resources",Okta error codes and descriptions,https://twitter.com/OktaDev,https://developer.okta.com/docs/reference/error-codes/#E0000025,"width=device-width,initial-scale=1"
https://developer.okta.com/docs/reference/error-codes/,utf-8,/favicon/favicon.png,/,en-US,"Here you can find further information about the errors that the Okta API returns, sorted by error code and HTTP return code.","Products, case studies, resources",Okta error codes and descriptions,https://twitter.com/OktaDev,https://developer.okta.com/docs/reference/error-codes/#E0000026,"width=device-width,initial-scale=1"
https://developer.okta.com/docs/reference/error-codes/,utf-8,/favicon/favicon.png,/,en-US,"Here you can find further information about the errors that the Okta API returns, sorted by error code and HTTP return code.","Products, case studies, resources",Okta error codes and descriptions,https://twitter.com/OktaDev,https://developer.okta.com/docs/reference/error-codes/#E0000027,"width=device-width,initial-scale=1"
