[
  {
    "okta_url": "https://mihalache-oie.oktapreview.com",
    "api_key": "00arMI1mnirHv0qdsG_tdnzOoJckZM-B8xfaHrMwI5"
  },
  {
    "okta_url": "https://shaitan-api.okta.com",
    "api_key": "00S5w8NSoME-Wpktnyy0aLceZ47FEmh6vz5MGS5RdH"
  },
  {
    "okta_url": "https://dev-06634571.okta.com",
    "api_key": "00HrhHl7pnfGpgmE76D5F_UGQBzqwX4q85WWOn90SN"
  },
  {
    "okta_url": "https://dev-99030876.okta.com",
    "api_key": "00tw6Ps0ILH47Azxt8jcv4z9KC_tDonOxOxh-zcfTP"
  },
  {
    "okta_url": "https://dev-98364966.okta.com",
    "api_key": "00cFa8R2mP"
  },
  {
    "okta_url": "https://dev-07664920.okta.com",
    "api_key": "00R2D5X4qL"
  },
  {
    "okta_url": "https://dev-99686984.okta.com",
    "api_key": "00Wah2fZpQ"
  },
  {
    "okta_url": "https://dev-05877885.okta.com",
    "api_key": "00Kq5mHanM"
  },
  {
    "okta_url": "https://dev-09578152.okta.com",
    "api_key": "00nYdn7GbZ"
  },
  {
    "okta_url": "https://dev-45426889.okta.com",
    "api_key": "00kK7c4kRq"
  },
  {
    "okta_url": "https://dev-67765934.okta.com",
    "api_key": "00hP5v2MjH"
  },
  {
    "okta_url": "https://dev-27327456.okta.com",
    "api_key": "00j2sZwAY0"
  },
  {
    "okta_url": "http://dev-98368153okta.com",
    "api_key": "00ap3x9WRX"
  },
  {
    "okta_url": "http://dev-99686984.okta.com",
    "api_key": "00Ytz7WmNu"
  },
  {
    "okta_url": "http://dev-07664920.okta.com",
    "api_key": "00B9kSq5st"
  },
  {
    "okta_url": "http://dev-05877885.okta.com",
    "api_key": "00Qlm1raA7"
  },
  {
    "okta_url": "http://dev-98364966.okta.com",
    "api_key": "00X8Gnfsb9"
  }
]